"World Port Index Number","Main Port Name",UN_LOCODE,City,Country,"Country Code",Latitude,Longitude,"Harbor Size","Harbor Type"
10001,"Tanjung Priok",IDJKT,Jakarta,Indonesia,ID,-6.1033,106.8869,Large,"Coastal Natural"
10002,"Tanjung Perak",IDSUB,Surabaya,Indonesia,ID,-7.1987,112.7351,Large,"River Natural"
10003,Belawan,IDBLW,Medan,Indonesia,ID,3.785,98.694,Medium,"River Basin"
10004,"Makassar New Port",IDMAK,Makassar,Indonesia,ID,-5.106,119.408,Medium,"Coastal Breakwater"
10005,"Port of Shanghai",CNSHA,Shanghai,China,CN,31.2304,121.4737,"Very Large","River Natural"
10006,"Port of Ningbo-Zhoushan",CNNGB,Ningbo,China,CN,29.8683,121.544,"Very Large","Coastal Natural"
10007,"Port of Shenzhen",CNSZX,Shenzhen,China,CN,22.5431,114.0579,"Very Large","Coastal Natural"
10008,"Port of Qingdao",CNQDG,Qingdao,China,CN,36.0671,120.3826,"Very Large","Coastal Breakwater"
10009,"Port of Guangzhou",CNGZG,Guangzhou,China,CN,23.1291,113.2644,"Very Large","River Natural"
10010,"Port of Tianjin",CNTXG,Tianjin,China,CN,39.0033,117.71,"Very Large","Coastal Breakwater"
10011,"Port of Hong Kong",HKHKG,"Hong Kong","Hong Kong",HK,22.3193,114.1694,"Very Large","Coastal Natural"
10012,"Port of Singapore",SGSIN,Singapore,Singapore,SG,1.2644,103.84,"Very Large","Coastal Natural"
10013,"Port Klang",MYPKG,Klang,Malaysia,MY,3.0,101.4,"Very Large","Coastal Natural"
10014,"Port of Tanjung Pelepas",MYTPP,Johor,Malaysia,MY,1.3644,103.548,"Very Large","Coastal Natural"
10015,"Laem Chabang Port",THLCH,Chonburi,Thailand,TH,13.0827,100.883,Large,"Coastal Breakwater"
10016,"Port of Bangkok",THBKK,Bangkok,Thailand,TH,13.703,100.575,Large,"River Basin"
10017,"Port of Ho Chi Minh City",VNSGN,"Ho Chi Minh City",Vietnam,VN,10.7769,106.7009,Large,"River Natural"
10018,"Hai Phong Port",VNHPH,"Hai Phong",Vietnam,VN,20.8449,106.6881,Large,"River Natural"
10019,"Port of Manila",PHMNL,Manila,Philippines,PH,14.5832,120.969,Large,"Coastal Breakwater"
10020,"Port of Busan",KRPUS,Busan,"South Korea",KR,35.1028,129.0403,"Very Large","Coastal Natural"
10021,"Port of Incheon",KRINC,Incheon,"South Korea",KR,37.4563,126.7052,Large,"Coastal Natural"
10022,"Port of Yokohama",JPYOK,Yokohama,Japan,JP,35.4437,139.638,"Very Large","Coastal Natural"
10023,"Port of Tokyo",JPTYO,Tokyo,Japan,JP,35.6177,139.795,"Very Large","Coastal Breakwater"
10024,"Port of Kobe",JPUKB,Kobe,Japan,JP,34.6901,135.1955,Large,"Coastal Natural"
10025,"Port of Nagoya",JPNGO,Nagoya,Japan,JP,35.073,136.884,Large,"Coastal Natural"
10026,"Jawaharlal Nehru Port",INNSA,"Navi Mumbai",India,IN,18.9497,72.9512,"Very Large","Coastal Natural"
10027,"Port of Mundra",INMUN,Mundra,India,IN,22.8395,69.7217,"Very Large","Coastal Natural"
10028,"Port of Chennai",INMAA,Chennai,India,IN,13.1,80.3,Large,"Coastal Breakwater"
10029,"Port of Colombo",LKCMB,Colombo,"Sri Lanka",LK,6.9413,79.8428,"Very Large","Coastal Breakwater"
10030,"Port of Chittagong",BDCGP,Chattogram,Bangladesh,BD,22.335,91.8325,Large,"River Natural"
10031,"Port of Karachi",PKKHI,Karachi,Pakistan,PK,24.85,66.99,Large,"Coastal Natural"
10032,"Jebel Ali Port",AEJEA,Dubai,"United Arab Emirates",AE,24.9857,55.0272,"Very Large","Coastal Breakwater"
10033,"Port Khalifa",AEKHL,"Abu Dhabi","United Arab Emirates",AE,24.811,54.651,"Very Large","Coastal Breakwater"
10034,"Port of Salalah",OMSLL,Salalah,Oman,OM,16.94,54.003,Large,"Coastal Natural"
10035,"Jeddah Islamic Port",SAJED,Jeddah,"Saudi Arabia",SA,21.4858,39.1664,"Very Large","Coastal Breakwater"
10036,"Port Said",EGPSD,"Port Said",Egypt,EG,31.2653,32.3019,Large,Canal
10037,"Alexandria Port",EGALY,Alexandria,Egypt,EG,31.2001,29.9187,Large,"Coastal Breakwater"
10038,"Port of Piraeus",GRPIR,Piraeus,Greece,GR,37.942,23.6465,"Very Large","Coastal Natural"
10039,"Port of Istanbul",TRIST,Istanbul,Türkiye,TR,41.0138,28.9497,Large,"Coastal Natural"
10040,"Port of Mersin",TRMER,Mersin,Türkiye,TR,36.8,34.6333,Large,"Coastal Breakwater"
10041,"Port of Rotterdam",NLRTM,Rotterdam,Netherlands,NL,51.95,4.14,"Very Large","River Natural"
10042,"Port of Antwerp-Bruges",BEANR,Antwerp,Belgium,BE,51.3,4.3,"Very Large","River Natural"
10043,"Port of Hamburg",DEHAM,Hamburg,Germany,DE,53.5461,9.9661,"Very Large","River Natural"
10044,"Port of Bremerhaven",DEBRV,Bremerhaven,Germany,DE,53.5396,8.5809,Large,"River Natural"
10045,"Port of Le Havre",FRLEH,"Le Havre",France,FR,49.4938,0.1077,"Very Large","Coastal Breakwater"
10046,"Port of Marseille Fos",FRMRS,Marseille,France,FR,43.405,5.05,"Very Large","Coastal Natural"
10047,"Port of Valencia",ESVLC,Valencia,Spain,ES,39.44,-0.31,"Very Large","Coastal Breakwater"
10048,"Port of Barcelona",ESBCN,Barcelona,Spain,ES,41.35,2.16,"Very Large","Coastal Breakwater"
10049,"Port of Algeciras",ESALG,Algeciras,Spain,ES,36.13,-5.43,"Very Large","Coastal Natural"
10050,"Port of Sines",PTSIE,Sines,Portugal,PT,37.95,-8.87,Large,"Coastal Natural"
10051,"Port of Genoa",ITGOA,Genoa,Italy,IT,44.4056,8.9463,"Very Large","Coastal Natural"
10052,"Port of Gioia Tauro",ITGIT,"Gioia Tauro",Italy,IT,38.46,15.9,"Very Large","Coastal Breakwater"
10053,"Port of Trieste",ITTRS,Trieste,Italy,IT,45.65,13.77,Large,"Coastal Natural"
10054,"Port of Felixstowe",GBFXT,Felixstowe,"United Kingdom",GB,51.963,1.351,"Very Large","Coastal Natural"
10055,"Port of Southampton",GBSOU,Southampton,"United Kingdom",GB,50.895,-1.43,Large,"River Natural"
10056,"London Gateway",GBLGP,Thurrock,"United Kingdom",GB,51.5,0.5,Large,"River Natural"
10057,"Port of Dublin",IEDUB,Dublin,Ireland,IE,53.3498,-6.22,Large,"River Natural"
10058,"Port of Gothenburg",SEGOT,Gothenburg,Sweden,SE,57.7089,11.9746,Large,"Coastal Natural"
10059,"Port of Aarhus",DKAAR,Aarhus,Denmark,DK,56.1629,10.2039,Large,"Coastal Breakwater"
10060,"Port of Gdansk",PLGDN,Gdansk,Poland,PL,54.352,18.6466,Large,"Coastal Natural"
10061,"Port of Constanta",ROCND,Constanta,Romania,RO,44.1598,28.6348,Large,"Coastal Natural"
10062,"Port of Koper",SIKOP,Koper,Slovenia,SI,45.5481,13.7302,Large,"Coastal Natural"
10063,"Port of Los Angeles",USLAX,"Los Angeles","United States",US,33.7405,-118.272,"Very Large","Coastal Natural"
10064,"Port of Long Beach",USLGB,"Long Beach","United States",US,33.7542,-118.2165,"Very Large","Coastal Natural"
10065,"Port of New York and New Jersey",USNYC,"New York","United States",US,40.6681,-74.0451,"Very Large","River Natural"
10066,"Port of Savannah",USSAV,Savannah,"United States",US,32.0809,-81.0912,"Very Large","River Natural"
10067,"Port of Houston",USHOU,Houston,"United States",US,29.73,-95.27,"Very Large",Canal
10068,"Port of Seattle",USSEA,Seattle,"United States",US,47.6026,-122.3393,Large,"Coastal Natural"
10069,"Port of Oakland",USOAK,Oakland,"United States",US,37.7955,-122.2785,Large,"Coastal Natural"
10070,"Port of Vancouver",CAVAN,Vancouver,Canada,CA,49.3,-123.11,"Very Large","Coastal Natural"
10071,"Port of Montreal",CAMTR,Montreal,Canada,CA,45.5,-73.55,Large,"River Natural"
10072,"Port of Prince Rupert",CAPRR,"Prince Rupert",Canada,CA,54.3122,-130.3271,Large,"Coastal Natural"
10073,"Port of Manzanillo",MXZLO,Manzanillo,Mexico,MX,19.05,-104.32,"Very Large","Coastal Natural"
10074,"Port of Veracruz",MXVER,Veracruz,Mexico,MX,19.2,-96.13,Large,"Coastal Breakwater"
10075,"Port of Balboa",PABLB,Balboa,Panama,PA,8.95,-79.57,"Very Large",Canal
10076,"Port of Colon",PAONX,Colon,Panama,PA,9.36,-79.9,"Very Large",Canal
10077,"Port of Cartagena",COCTG,Cartagena,Colombia,CO,10.391,-75.4794,"Very Large","Coastal Natural"
10078,"Port of Santos",BRSSZ,Santos,Brazil,BR,-23.9608,-46.3336,"Very Large","Coastal Natural"
10079,"Port of Paranagua",BRPNG,Paranagua,Brazil,BR,-25.52,-48.51,Large,"Coastal Natural"
10080,"Port of Buenos Aires",ARBUE,"Buenos Aires",Argentina,AR,-34.6037,-58.3816,"Very Large","River Natural"
10081,"Port of Callao",PECLL,Callao,Peru,PE,-12.0566,-77.1181,"Very Large","Coastal Natural"
10082,"Port of Guayaquil",ECGYE,Guayaquil,Ecuador,EC,-2.1962,-79.8862,Large,"River Natural"
10083,"Port of San Antonio",CLSAI,"San Antonio",Chile,CL,-33.5933,-71.6217,"Very Large","Coastal Natural"
10084,"Port of Durban",ZADUR,Durban,"South Africa",ZA,-29.8587,31.0218,"Very Large","Coastal Natural"
10085,"Port of Cape Town",ZACPT,"Cape Town","South Africa",ZA,-33.918,18.43,Large,"Coastal Natural"
10086,"Port of Ngqura",ZAZBA,Gqeberha,"South Africa",ZA,-33.801,25.682,Large,"Coastal Breakwater"
10087,"Port of Mombasa",KEMBA,Mombasa,Kenya,KE,-4.0435,39.6682,"Very Large","Coastal Natural"
10088,"Port of Dar es Salaam",TZDAR,"Dar es Salaam",Tanzania,TZ,-6.8235,39.2695,Large,"Coastal Natural"
10089,"Port of Lagos Apapa",NGAPP,Lagos,Nigeria,NG,6.45,3.36,"Very Large",Lagoon
10090,"Port of Tema",GHTEM,Tema,Ghana,GH,5.6698,0.0166,Large,"Coastal Breakwater"
10091,"Port of Tanger Med",MAPTM,Tangier,Morocco,MA,35.89,-5.5,"Very Large","Coastal Natural"
10092,"Port of Melbourne",AUMEL,Melbourne,Australia,AU,-37.8136,144.9631,"Very Large","River Natural"
10093,"Port Botany",AUBTB,Sydney,Australia,AU,-33.969,151.219,"Very Large","Coastal Breakwater"
10094,"Port of Brisbane",AUBNE,Brisbane,Australia,AU,-27.38,153.17,Large,"River Natural"
10095,"Port of Fremantle",AUFRE,Fremantle,Australia,AU,-32.0569,115.7439,Large,"River Natural"
10096,"Port of Auckland",NZAKL,Auckland,"New Zealand",NZ,-36.84,174.78,Large,"Coastal Natural"
10097,"Port of Tauranga",NZTRG,Tauranga,"New Zealand",NZ,-37.6878,176.1651,Large,"Coastal Natural"
10098,"Port of Lyttelton",NZLYT,Christchurch,"New Zealand",NZ,-43.603,172.72,Medium,"Coastal Natural"
10099,"Port of Suva",FJSUV,Suva,Fiji,FJ,-18.1416,178.4419,Medium,"Coastal Natural"
10100,"Port Moresby",PGPOM,"Port Moresby","Papua New Guinea",PG,-9.4438,147.1803,Medium,"Coastal Natural"
10101,"Port of Cape creek 1",CYRUK,"Cape creek 1",Cyprus,CY,34.01,33.5,Large,"River Basin"
10102,"Port of South town 2",CHFJV,"South town 2",Switzerland,CH,46.9,8.73,Large,"River Natural"
10103,"Port of Port bay 3",GACUN,"Port bay 3",Gabon,GA,-1.29,10.92,Medium,"River Natural"
10104,"Port of Cape haven 4",CNNVL,"Cape haven 4",China,CN,34.65,104.96,Medium,"Coastal Natural"
10105,"Port of St. creek 5",ASIEB,"St. creek 5","American Samoa",AS,-15.3233,-169.48,Small,"Coastal Natural"
10106,"Port of East mouth 6",BTXOM,"East mouth 6",Bhutan,BT,28.36,90.01,Small,"Coastal Natural"
10107,"Port of West city 7",GNCFO,"West city 7",Guinea,GN,11.14,-10.95,Large,"Coastal Natural"
10108,"Port of Port mouth 8",MQHGT,"Port mouth 8",Martinique,MQ,15.1067,-61.03,Medium,"River Natural"
10109,"Port of South mouth 9",LRBMC,"South mouth 9",Liberia,LR,7.43,-9.35,Large,"River Basin"
10110,"Port of West town 10",SLSBB,"West town 10","Sierra Leone",SL,8.14,-12.3,Medium,"River Basin"
10111,"Port of Cape port 11",AZIHC,"Cape port 11",Azerbaijan,AZ,41.06,47.99,Small,"River Natural"
10112,"Port of New bay 12",SIDEU,"New bay 12",Slovenia,SI,45.5567,15.4467,Medium,"River Natural"
10113,"Port of West bay 13",TNUEV,"West bay 13",Tunisia,TN,33.9,8.74,Small,"Coastal Breakwater"
10114,"Port of North haven 14",TFIEC,"North haven 14","French Southern and Antarctic Lands",TF,-48.9,69.757,Medium,"River Basin"
10115,"Port of West city 15",NPVVP,"West city 15",Nepal,NP,27.5,84.4,Large,"Coastal Natural"
10116,"Port of Cape port 16",ZWECH,"Cape port 16",Zimbabwe,ZW,-20.58,29.73,Small,"Coastal Natural"
10117,"Port of St. bay 17",NPHOX,"St. bay 17",Nepal,NP,27.11,83.96,Large,"River Basin"
10118,"Port of Cape view 18",LKFDB,"Cape view 18","Sri Lanka",LK,6.23,80.74,Small,"Coastal Natural"
10119,"Port of Cape view 19",DZIJX,"Cape view 19",Algeria,DZ,27.3,3.09,Large,"River Natural"
10120,"Port of West view 20",MRVXU,"West view 20",Mauritania,MR,20.21,-11.06,Large,"Coastal Breakwater"
10121,"Port of Cape city 21",NPCVD,"Cape city 21",Nepal,NP,28.68,84.23,Small,"Coastal Breakwater"
10122,"Port of New burg 22",BNYWW,"New burg 22",Brunei,BN,4.07,115.2167,Medium,"Coastal Breakwater"
10123,"Port of New bridge 23",BVCRM,"New bridge 23","Bouvet Island",BV,-53.8908,3.0164,Medium,"River Basin"
10124,"Port of Cape mouth 24",GWWAW,"Cape mouth 24",Guinea-Bissau,GW,12.35,-14.8,Large,"Coastal Natural"
10125,"Port of West port 25",MZHVM,"West port 25",Mozambique,MZ,-19.23,35.05,Small,"River Natural"
10126,"Port of East mouth 26",KWFOK,"East mouth 26",Kuwait,KW,29.24,45.13,Small,"River Basin"
10127,"Port of New town 27",LITNB,"New town 27",Liechtenstein,LI,47.9967,10.4033,Large,"Coastal Breakwater"
10128,"Port of Old bay 28",XKLDK,"Old bay 28",Kosovo,XK,43.2667,21.8867,Medium,"Coastal Breakwater"
10129,"Port of Cape creek 29",BWKIQ,"Cape creek 29",Botswana,BW,-22.34,23.43,Large,"River Natural"
10130,"Port of Old town 30",JPGQN,"Old town 30",Japan,JP,35.34,137.69,Small,"River Natural"
10131,"Port of Port mouth 31",FISZE,"Port mouth 31",Finland,FI,63.83,26.56,Medium,"Coastal Natural"
10132,"Port of Grand beach 32",SNBLZ,"Grand beach 32",Senegal,SN,14.61,-14.14,Medium,"Coastal Natural"
10133,"Port of San bridge 33",CMCRL,"San bridge 33",Cameroon,CM,6.89,12.29,Small,"Coastal Natural"
10134,"Port of Grand harbor 34",SNQXP,"Grand harbor 34",Senegal,SN,14.45,-13.7,Medium,"Coastal Breakwater"
10135,"Port of West port 35",BAEOQ,"West port 35","Bosnia and Herzegovina",BA,44.5,18.23,Large,"River Basin"
10136,"Port of Old harbor 36",GGBFB,"Old harbor 36",Guernsey,GG,50.3367,-2.6733,Large,"Coastal Breakwater"
10137,"Port of Port port 37",ATPIN,"Port port 37",Austria,AT,46.8733,12.5433,Small,"River Natural"
10138,"Port of East harbor 38",TZJIX,"East harbor 38",Tanzania,TZ,-6.97,34.07,Small,"River Natural"
10139,"Port of South haven 39",SXDJX,"South haven 39","Sint Maarten",SX,18.9133,-63.33,Medium,"River Basin"
10140,"Port of Old haven 40",WSMPG,"Old haven 40",Samoa,WS,-12.5933,-172.0333,Large,"River Basin"
10141,"Port of Old mouth 41",MYUDI,"Old mouth 41",Malaysia,MY,1.77,111.76,Large,"Coastal Breakwater"
10142,"Port of Fort town 42",LVGZC,"Fort town 42",Latvia,LV,57.11,25.67,Large,"Coastal Natural"
10143,"Port of St. creek 43",PGPDJ,"St. creek 43","Papua New Guinea",PG,-5.68,146.4,Large,"River Natural"
10144,"Port of Old bridge 44",SAZCZ,"Old bridge 44","Saudi Arabia",SA,24.81,44.43,Small,"Coastal Natural"
10145,"Port of West harbor 45",FOCMT,"West harbor 45","Faroe Islands",FO,61.93,-7.72,Small,"Coastal Breakwater"
10146,"Port of Fort burg 46",NFXAC,"Fort burg 46","Norfolk Island",NF,-28.1833,168.02,Small,"River Natural"
10147,"Port of San creek 47",ALDKM,"San creek 47",Albania,AL,41.91,19.48,Large,"River Natural"
10148,"Port of Grand bridge 48",GPOUE,"Grand bridge 48",Guadeloupe,GP,15.3,-61.2733,Medium,"River Natural"
10149,"Port of South haven 49",MFIXU,"South haven 49","Saint Martin",MF,18.4208,-62.9701,Medium,"Coastal Natural"
10150,"Port of Old beach 50",MNTXR,"Old beach 50",Mongolia,MN,45,105.9,Medium,"Coastal Natural"
10151,"Port of San harbor 51",BVSVW,"San harbor 51","Bouvet Island",BV,-54.9708,2.9564,Large,"River Natural"
10152,"Port of San haven 52",DZDSU,"San haven 52",Algeria,DZ,27.39,3.47,Large,"Coastal Breakwater"
10153,"Port of Old mouth 53",NCXTB,"Old mouth 53","New Caledonia",NC,-21.64,165.5,Small,"River Natural"
10154,"Port of East port 54",SIYPX,"East port 54",Slovenia,SI,45.6267,15.3667,Large,"Coastal Natural"
10155,"Port of San beach 55",CFFVK,"San beach 55","Central African Republic",CF,6.07,21.36,Small,"Coastal Breakwater"
10156,"Port of Grand haven 56",NGRBF,"Grand haven 56",Nigeria,NG,9.45,8.69,Small,"Coastal Breakwater"
10157,"Port of South harbor 57",TZIOX,"South harbor 57",Tanzania,TZ,-6.18,35.98,Medium,"Coastal Breakwater"
10158,"Port of St. city 58",FJSIL,"St. city 58",Fiji,FJ,-18.3734,178.455,Medium,"Coastal Natural"
10159,"Port of St. town 59",LYUUD,"St. town 59",Libya,LY,25.91,16.91,Medium,"River Natural"
10160,"Port of South city 60",ECWRV,"South city 60",Ecuador,EC,-2.27,-77.16,Small,"River Basin"
10161,"Port of Grand town 61",CCVEL,"Grand town 61","Cocos (Keeling) Islands",CC,-12.8042,97.861,Small,"Coastal Natural"
10162,"Port of Fort city 62",CRHEJ,"Fort city 62","Costa Rica",CR,9.68,-83.43,Medium,"Coastal Breakwater"
10163,"Port of Old port 63",ZMDVX,"Old port 63",Zambia,ZM,-14.31,29.38,Medium,"River Natural"
10164,"Port of Cape beach 64",WSJZV,"Cape beach 64",Samoa,WS,-13.9033,-171.6333,Medium,"Coastal Breakwater"
10165,"Port of West bridge 65",GNUHT,"West bridge 65",Guinea,GN,10.94,-10.2,Large,"River Natural"
10166,"Port of St. bridge 66",GHTVE,"St. bridge 66",Ghana,GH,8.52,-2.49,Small,"River Basin"
10167,"Port of West beach 67",CIFPZ,"West beach 67","Ivory Coast",CI,8.28,-4.74,Small,"Coastal Breakwater"
10168,"Port of North city 68",SMYDO,"North city 68","San Marino",SM,44.2667,12.7367,Medium,"Coastal Natural"
10169,"Port of East bridge 69",GYZGQ,"East bridge 69",Guyana,GY,4.79,-58.12,Large,"Coastal Breakwater"
10170,"Port of East bridge 70",CVUFY,"East bridge 70","Cabo Verde",CV,16.2988,-22.9518,Small,"Coastal Breakwater"
10171,"Port of North beach 71",MESDM,"North beach 71",Montenegro,ME,43.24,18.8,Medium,"River Basin"
10172,"Port of San creek 72",GSMKV,"San creek 72","South Georgia",GS,-53.98,-36.03,Small,"Coastal Breakwater"
10173,"Port of Old burg 73",MSSVW,"Old burg 73",Montserrat,MS,17.44,-61.48,Large,"River Basin"
10174,"Port of Grand creek 74",KWMDP,"Grand creek 74",Kuwait,KW,30.02,45.7,Medium,"River Natural"
10175,"Port of North haven 75",SLVZO,"North haven 75","Sierra Leone",SL,8.2,-11.33,Small,"Coastal Natural"
10176,"Port of St. view 76",NEWLQ,"St. view 76",Niger,NE,15.66,7.83,Small,"Coastal Natural"
10177,"Port of West burg 77",CCMCD,"West burg 77","Cocos (Keeling) Islands",CC,-13.0042,96.941,Medium,"Coastal Breakwater"
10178,"Port of North burg 78",BTHJB,"North burg 78",Bhutan,BT,26.66,89.54,Small,"River Natural"
10179,"Port of North bridge 79",GGTIZ,"North bridge 79",Guernsey,GG,49.1767,-3.3233,Large,"Coastal Breakwater"
10180,"Port of Port port 80",CLJBS,"Port port 80",Chile,CL,-29.47,-70.34,Medium,"Coastal Breakwater"
10181,"Port of St. city 81",IQHFB,"St. city 81",Iraq,IQ,33.81,44.61,Small,"River Basin"
10182,"Port of San burg 82",AXSAT,"San burg 82","Åland Islands",AX,60.7567,19.68,Small,"River Natural"
10183,"Port of North bay 83",NCTXW,"North bay 83","New Caledonia",NC,-21.65,165.12,Medium,"Coastal Natural"
10184,"Port of Old burg 84",DZTRR,"Old burg 84",Algeria,DZ,27.9,2.8,Large,"River Natural"
10185,"Port of West city 85",INMRC,"West city 85",India,IN,19.26,77.92,Medium,"River Basin"
10186,"Port of San bridge 86",GRJQR,"San bridge 86",Greece,GR,38.87,22.43,Large,"Coastal Natural"
10187,"Port of Grand burg 87",CXAMA,"Grand burg 87","Christmas Island",CX,-9.99,105.9667,Small,"River Natural"
10188,"Port of West creek 88",ECAEO,"West creek 88",Ecuador,EC,-2.56,-76.67,Medium,"Coastal Natural"
10189,"Port of South creek 89",UYTMY,"South creek 89",Uruguay,UY,-32.1,-55.15,Medium,"River Basin"
10190,"Port of Port view 90",HTKDN,"Port view 90",Haiti,HT,19.73,-72.8267,Small,"River Natural"
10191,"Port of Old city 91",VGPZE,"Old city 91","British Virgin Islands",VG,18.8414,-64.1231,Medium,"Coastal Breakwater"
10192,"Port of St. creek 92",VIMJZ,"St. creek 92","United States Virgin Islands",VI,19.34,-65.0633,Medium,"Coastal Natural"
10193,"Port of Fort burg 93",YECJY,"Fort burg 93",Yemen,YE,14.07,47.36,Small,"Coastal Natural"
10194,"Port of South port 94",GBMPF,"South port 94","United Kingdom",GB,53.15,-1.23,Small,"Coastal Breakwater"
10195,"Port of South view 95",NAKHY,"South view 95",Namibia,NA,-22.47,16.37,Small,"River Natural"
10196,"Port of Old harbor 96",PGRGB,"Old harbor 96","Papua New Guinea",PG,-5.95,147.42,Medium,"River Natural"
10197,"Port of South town 97",SDVUH,"South town 97",Sudan,SD,14.91,30.62,Small,"Coastal Natural"
10198,"Port of Fort view 98",ATKIP,"Fort view 98",Austria,AT,46.6533,13.3633,Small,"Coastal Natural"
10199,"Port of San beach 99",SXSCC,"San beach 99","Sint Maarten",SX,17.6233,-62.99,Medium,"River Natural"
10200,"Port of Grand town 100",LBWIT,"Grand town 100",Lebanon,LB,33.1433,36.3633,Medium,"River Natural"
10201,"Port of Port town 101",NAVTD,"Port town 101",Namibia,NA,-22.26,17.97,Medium,"River Basin"
10202,"Port of Old view 102",CXYNB,"Old view 102","Christmas Island",CX,-9.75,106.4667,Large,"River Basin"
10203,"Port of Port burg 103",PNXIU,"Port burg 103","Pitcairn Islands",PN,-25.4167,-129.18,Medium,"River Natural"
10204,"Port of St. bay 104",NFJND,"St. bay 104","Norfolk Island",NF,-28.1433,168.24,Medium,"Coastal Natural"
10205,"Port of Cape creek 105",SYIOF,"Cape creek 105",Syria,SY,35.38,37.75,Small,"River Basin"
10206,"Port of Grand haven 106",STGDU,"Grand haven 106","São Tomé and Príncipe",ST,1.37,6.68,Large,"Coastal Breakwater"
10207,"Port of North haven 107",LBLIT,"North haven 107",Lebanon,LB,33.4933,35.0433,Medium,"River Natural"
10208,"Port of West creek 108",AQWRK,"West creek 108",Antarctica,AQ,-90.58,-0.58,Small,"River Basin"
10209,"Port of St. mouth 109",DOFJA,"St. mouth 109","Dominican Republic",DO,18.98,-69.9867,Medium,"Coastal Breakwater"
10210,"Port of West city 110",TGLHV,"West city 110",Togo,TG,7.81,0.3367,Small,"Coastal Breakwater"
10211,"Port of North burg 111",WFGKO,"North burg 111","Wallis and Futuna",WF,-14.21,-176.39,Large,"Coastal Breakwater"
10212,"Port of East bridge 112",JELHS,"East bridge 112",Jersey,JE,49.43,-1.7667,Small,"Coastal Breakwater"
10213,"Port of East bridge 113",NFLIU,"East bridge 113","Norfolk Island",NF,-28.5333,168.58,Small,"River Natural"
10214,"Port of Cape burg 114",BVFOZ,"Cape burg 114","Bouvet Island",BV,-54.5008,2.7864,Medium,"Coastal Breakwater"
10215,"Port of North view 115",HNTGJ,"North view 115",Honduras,HN,15.36,-85.8,Small,"Coastal Natural"
10216,"Port of East creek 116",DECEU,"East creek 116",Germany,DE,51.51,9.15,Large,"Coastal Breakwater"
10217,"Port of Port port 117",LVAFI,"Port port 117",Latvia,LV,56.22,24.55,Medium,"River Natural"
10218,"Port of West bridge 118",SJGAL,"West bridge 118","Svalbard and Jan Mayen",SJ,77.71,19.55,Small,"Coastal Natural"
10219,"Port of San haven 119",EHKKD,"San haven 119","Western Sahara",EH,24.9,-13.26,Large,"River Basin"
10220,"Port of Port city 120",HRMTR,"Port city 120",Croatia,HR,45.9467,15.12,Medium,"River Natural"
10221,"Port of San harbor 121",BOCFH,"San harbor 121",Bolivia,BO,-16.53,-65.91,Large,"River Basin"
10222,"Port of St. bay 122",CHUBZ,"St. bay 122",Switzerland,CH,47.82,8.29,Large,"River Basin"
10223,"Port of Grand bay 123",LIJVB,"Grand bay 123",Liechtenstein,LI,46.3367,9.2033,Medium,"Coastal Natural"
10224,"Port of San creek 124",HUVTI,"San creek 124",Hungary,HU,46.41,20.58,Large,"River Natural"
10225,"Port of Port mouth 125",LUBMK,"Port mouth 125",Luxembourg,LU,50.02,6.7167,Large,"River Natural"
10226,"Port of St. harbor 126",DZRYM,"St. harbor 126",Algeria,DZ,28.92,2.04,Small,"River Natural"
10227,"Port of Fort creek 127",KIVUH,"Fort creek 127",Kiribati,KI,1.2167,173.58,Small,"Coastal Breakwater"
10228,"Port of East haven 128",CXURY,"East haven 128","Christmas Island",CX,-9.71,105.8767,Large,"Coastal Natural"
10229,"Port of Port burg 129",TRALX,"Port burg 129",Turkey,TR,38.01,34.31,Large,"Coastal Breakwater"
10230,"Port of South town 130",CNBVO,"South town 130",China,CN,34.61,105.38,Small,"Coastal Breakwater"
10231,"Port of East bridge 131",DZIMR,"East bridge 131",Algeria,DZ,28.03,3.88,Small,"Coastal Breakwater"
10232,"Port of Fort city 132",MTQDF,"Fort city 132",Malta,MT,36.4375,15.0354,Large,"Coastal Natural"
10233,"Port of Old town 133",FRQAV,"Old town 133",France,FR,45.52,1.25,Large,"Coastal Natural"
10234,"Port of New city 134",IOSFL,"New city 134","British Indian Ocean Territory",IO,-6.75,71.64,Medium,"River Natural"
10235,"Port of San port 135",AGWQP,"San port 135","Antigua and Barbuda",AG,16.91,-61.38,Small,"Coastal Breakwater"
10236,"Port of North creek 136",GMSQI,"North creek 136",Gambia,GM,12.5967,-16.8767,Medium,"River Basin"
10237,"Port of Fort bay 137",MPJVQ,"Fort bay 137","Northern Mariana Islands",MP,14.98,146.6,Small,"Coastal Breakwater"
10238,"Port of Old city 138",CULOU,"Old city 138",Cuba,CU,22.05,-80.9,Medium,"Coastal Breakwater"
10239,"Port of New bay 139",VNMVA,"New bay 139",Vietnam,VN,15.7567,107.3233,Large,"Coastal Breakwater"
10240,"Port of Port town 140",LVDBL,"Port town 140",Latvia,LV,57.77,25.71,Small,"River Basin"
10241,"Port of Old burg 141",LIBRP,"Old burg 141",Liechtenstein,LI,47.2767,10.3233,Medium,"River Basin"
10242,"Port of West harbor 142",TRGNF,"West harbor 142",Turkey,TR,38.49,35.25,Small,"River Natural"
10243,"Port of Fort port 143",KPGZA,"Fort port 143","North Korea",KP,40.58,127.22,Large,"Coastal Natural"
10244,"Port of North burg 144",PMQPY,"North burg 144","Saint Pierre and Miquelon",PM,47.2333,-56.6233,Small,"Coastal Natural"
10245,"Port of Cape creek 145",GYGNM,"Cape creek 145",Guyana,GY,4.36,-58.74,Small,"Coastal Breakwater"
10246,"Port of Fort town 146",PWQII,"Fort town 146",Palau,PW,8.11,133.91,Large,"Coastal Breakwater"
10247,"Port of Grand beach 147",DEBBL,"Grand beach 147",Germany,DE,51.98,8.37,Medium,"River Natural"
10248,"Port of North mouth 148",BROTA,"North mouth 148",Brazil,BR,-10.11,-55.17,Small,"Coastal Natural"
10249,"Port of New haven 149",GQYSY,"New haven 149","Equatorial Guinea",GQ,2.26,9.58,Medium,"Coastal Natural"
10250,"Port of Cape harbor 150",GTZFL,"Cape harbor 150",Guatemala,GT,16.41,-89.57,Medium,"Coastal Natural"
10251,"Port of San bridge 151",LVTBB,"San bridge 151",Latvia,LV,56.36,25.54,Medium,"River Basin"
10252,"Port of West harbor 152",RSTEX,"West harbor 152",Serbia,RS,44.82,21.9,Small,"River Natural"
10253,"Port of Old port 153",OMNKO,"Old port 153",Oman,OM,20.26,56.61,Medium,"Coastal Natural"
10254,"Port of South city 154",ILKYJ,"South city 154",Israel,IL,31.11,35.94,Large,"Coastal Natural"
10255,"Port of Fort harbor 155",BZGAX,"Fort harbor 155",Belize,BZ,16.25,-89.44,Small,"Coastal Natural"
10256,"Port of East port 156",BJBLT,"East port 156",Benin,BJ,9.91,1.66,Small,"Coastal Breakwater"
10257,"Port of Old haven 157",KHXHL,"Old haven 157",Cambodia,KH,13.68,104.25,Small,"Coastal Natural"
10258,"Port of San bridge 158",MSZGJ,"San bridge 158",Montserrat,MS,16.76,-62.14,Medium,"River Basin"
10259,"Port of Port view 159",VCIOD,"Port view 159","Saint Vincent and the Grenadines",VC,14.15,-61.72,Small,"Coastal Breakwater"
10260,"Port of Fort bridge 160",SKATJ,"Fort bridge 160",Slovakia,SK,49.5367,19.24,Medium,"River Natural"
10261,"Port of Old burg 161",JOJFQ,"Old burg 161",Jordan,JO,30.77,36.29,Small,"Coastal Breakwater"
10262,"Port of San burg 162",PRUUE,"San burg 162","Puerto Rico",PR,18.28,-66.38,Small,"Coastal Breakwater"
10263,"Port of South harbor 163",AWBJE,"South harbor 163",Aruba,AW,12.81,-70.8967,Medium,"Coastal Breakwater"
10264,"Port of Old town 164",MTCOL,"Old town 164",Malta,MT,35.2075,14.0954,Medium,"Coastal Breakwater"
10265,"Port of St. bay 165",IMMOO,"St. bay 165","Isle of Man",IM,53.52,-4.98,Medium,"Coastal Breakwater"
10266,"Port of Fort town 166",ILMPS,"Fort town 166",Israel,IL,31.1,35.43,Small,"Coastal Breakwater"
10267,"Port of North burg 167",ECEVF,"North burg 167",Ecuador,EC,-1.5,-76.78,Small,"River Natural"
10268,"Port of East view 168",QAQVQ,"East view 168",Qatar,QA,26.41,51.1,Small,"River Basin"
10269,"Port of East city 169",BBTVW,"East city 169",Barbados,BB,13.0867,-58.9133,Large,"Coastal Natural"
10270,"Port of West city 170",GNQKK,"West city 170",Guinea,GN,11.16,-9.32,Large,"River Basin"
10271,"Port of North harbor 171",STJZS,"North harbor 171","São Tomé and Príncipe",ST,0.72,7.83,Small,"River Natural"
10272,"Port of Fort burg 172",SEVIN,"Fort burg 172",Sweden,SE,61.44,15.58,Medium,"River Natural"
10273,"Port of South beach 173",RUDFN,"South beach 173",Russia,RU,59.38,99.1,Medium,"Coastal Natural"
10274,"Port of New port 174",CXQSB,"New port 174","Christmas Island",CX,-11.19,105.9067,Medium,"River Natural"
10275,"Port of Grand creek 175",KRTKS,"Grand creek 175","South Korea",KR,36.72,126.5,Large,"Coastal Natural"
10276,"Port of San bridge 176",MVTRG,"San bridge 176",Maldives,MV,3.39,72,Large,"Coastal Natural"
10277,"Port of Grand view 177",BQXTH,"Grand view 177","Caribbean Netherlands",BQ,11.87,-67.36,Small,"Coastal Breakwater"
10278,"Port of San beach 178",AQIIQ,"San beach 178",Antarctica,AQ,-90.52,-0.62,Large,"River Natural"
10279,"Port of West burg 179",CZIYJ,"West burg 179",Czechia,CZ,50.45,16.2,Medium,"Coastal Natural"
10280,"Port of North bay 180",GDFNP,"North bay 180",Grenada,GD,12.5267,-62.3167,Medium,"Coastal Natural"
10281,"Port of East view 181",SMARF,"East view 181","San Marino",SM,42.9467,11.9167,Medium,"Coastal Breakwater"
10282,"Port of East haven 182",DOHYP,"East haven 182","Dominican Republic",DO,19.38,-69.6967,Medium,"Coastal Natural"
10283,"Port of Cape town 183",RWFRT,"Cape town 183",Rwanda,RW,-1.54,30.44,Small,"River Natural"
10284,"Port of East creek 184",BRBHY,"East creek 184",Brazil,BR,-9.73,-54.42,Small,"River Basin"
10285,"Port of Old mouth 185",PHUBC,"Old mouth 185",Philippines,PH,12.01,121,Medium,"River Basin"
10286,"Port of West mouth 186",YEZFU,"West mouth 186",Yemen,YE,14.62,48.39,Small,"River Natural"
10287,"Port of New creek 187",CIKSC,"New creek 187","Ivory Coast",CI,7.08,-5.78,Small,"Coastal Breakwater"
10288,"Port of San city 188",VEXFW,"San city 188",Venezuela,VE,8.64,-66.62,Small,"Coastal Natural"
10289,"Port of North city 189",UZNYX,"North city 189",Uzbekistan,UZ,40.34,63.6,Medium,"River Basin"
10290,"Port of Cape view 190",FIKXH,"Cape view 190",Finland,FI,64.32,25.49,Small,"River Basin"
10291,"Port of East view 191",EEWDO,"East view 191",Estonia,EE,58.17,26.54,Large,"Coastal Breakwater"
10292,"Port of West harbor 192",QAVTJ,"West harbor 192",Qatar,QA,26.36,51.01,Small,"River Natural"
10293,"Port of Fort port 193",MMAYQ,"Fort port 193",Myanmar,MM,22.87,97.3,Small,"River Basin"
10294,"Port of Grand mouth 194",GNFTV,"Grand mouth 194",Guinea,GN,11.63,-10.06,Medium,"River Natural"
10295,"Port of Port view 195",DKOLH,"Port view 195",Denmark,DK,55.03,9.35,Medium,"River Natural"
10296,"Port of Fort beach 196",MLIEK,"Fort beach 196",Mali,ML,17.37,-3.58,Small,"River Natural"
10297,"Port of Port mouth 197",REGLM,"Port mouth 197",Réunion,RE,-20.96,55.32,Medium,"Coastal Breakwater"
10298,"Port of Grand beach 198",AOECA,"Grand beach 198",Angola,AO,-13.24,19.26,Large,"River Natural"
10299,"Port of Old creek 199",AREPI,"Old creek 199",Argentina,AR,-33.95,-63.53,Large,"River Natural"
10300,"Port of Port mouth 200",KNIFE,"Port mouth 200","Saint Kitts and Nevis",KN,18.0933,-61.81,Small,"River Basin"
